Top queries,Clicks,Impressions,CTR,Position
mochi brownies,0,39,0%,61.62
peanut butter cream cheese fat bombs,0,21,0%,47.05
air fryer dehydrator recipes,0,15,0%,40.33
mochi brownie,0,10,0%,52.8
how to make ricotta from yogurt whey,0,9,0%,31.11
typical yield of cottage cheese ice cream recipe with 2 cups cottage cheese,0,8,0%,10.75
cottage cheese protein ice cream recipe yield volume,0,7,0%,18.29
cream cheese peanut butter fat bombs,0,6,0%,50.5
mochi brownie recipe,0,6,0%,69.67
air fryer fruit,0,5,0%,50.2
brownie mochi,0,5,0%,66.4
brownie mochi recipe,0,5,0%,72.8
cottage cheese ice cream 2 cups yield volume,0,4,0%,17
best fruit to dehydrate in air fryer,0,4,0%,41.5
dehydrated fruit in air fryer,0,4,0%,43.75
dehydrating fruit in air fryer,0,4,0%,47.75
how to store cilantro,0,4,0%,53.25
dried fruit in air fryer,0,4,0%,57
mochi brownies recipe,0,4,0%,64.5
rosemary sourdough crackers,0,4,0%,81
"volume yield of cottage cheese ice cream recipe with 2 cups cottage cheese 
and 1 cup milk",0,3,0%,11
how to keep cilantro,0,3,0%,44
things to dehydrate in air fryer,0,3,0%,44
fat bombs with cream cheese,0,3,0%,44.33
how to save cilantro,0,3,0%,46.67
how to dehydrate fruit in air fryer,0,3,0%,52
can you dry fruit in an air fryer,0,3,0%,52.33
dehydrated food in air fryer,0,3,0%,58.67
fermented honey garlic recipe,0,3,0%,60.67
chicken cooked in rice cooker,0,3,0%,64.33
golden paste for dogs,0,3,0%,65.33
rice cooker chicken,0,3,0%,67.33
rice cooker recipes chicken,0,3,0%,80
mochiko brownies,0,3,0%,84
dehydration airfryer,0,2,0%,10
spoiled fermented honey garlic,0,2,0%,12.5
air fryer dried fruit recipes,0,2,0%,30.5
peanut butter cheesecake fat bombs,0,2,0%,34
foods to dehydrate in air fryer,0,2,0%,37
how long does cilantro last in the fridge,0,2,0%,40.5
can you freeze heavy cream,0,2,0%,41
fruit in air fryer,0,2,0%,41
how to make ricotta from whey,0,2,0%,46
keto fat bombs with cream cheese,0,2,0%,46.5
can you freeze fresh cream,0,2,0%,49
air fryer for dehydrating fruit,0,2,0%,52
cream cheese fat bombs keto,0,2,0%,52.5
dry fruit in air fryer,0,2,0%,52.5
dry fruits in air fryer,0,2,0%,56
one pot meal rice cooker,0,2,0%,59
drying fruit in air fryer,0,2,0%,59.5
ricotta from whey,0,2,0%,64.5
what is dehydration in air fryer,0,2,0%,66.5
cottage cheese ice cream,0,2,0%,69
kimchi burger,0,2,0%,72
best way to store cilantro,0,2,0%,75
low calorie ice cream recipe,0,1,0%,2
dehydrated fruit recipes air fryer,0,1,0%,6
how to thaw frozen heavy cream quickly,0,1,0%,8
fermented garlic louma,0,1,0%,9
viral cottage cheese ice cream recipes yield with 2 cups cottage cheese,0,1,0%,11
5-ingredient dinner recipes for college students,0,1,0%,19
cottage cheese ice cream recipe yield volume,0,1,0%,19
can you freeze heavy whipping cream in the carton,0,1,0%,29
best fruit to dehydrate in air fryer ninja,0,1,0%,30
can you freeze heavy cream to use later,0,1,0%,31
dehydrate in air fryer recipes,0,1,0%,34
can heavy cream be frozen,0,1,0%,36
dehydrating fruits in air fryer,0,1,0%,36
can u freeze heavy whipping cream,0,1,0%,37
how to store cilantro long term,0,1,0%,37
peanut butter cream cheese fat bomb,0,1,0%,37
storing cilantro long term,0,1,0%,37
what can i dehydrate in my air fryer,0,1,0%,37
freeze heavy cream,0,1,0%,40
ricotta whey cheese,0,1,0%,40
why does my garlic floating in honey,0,1,0%,40
can heavy whipping cream be frozen,0,1,0%,41
dehydrate fruits in air fryer,0,1,0%,41
freeze heavy whipping cream,0,1,0%,41
is cottage cheese ice cream good,0,1,0%,41
keto fat bomb cream cheese,0,1,0%,41
one pot chicken and rice cooker,0,1,0%,41
best things to dehydrate in air fryer,0,1,0%,42
keto peanut butter fat bombs,0,1,0%,42
dash dinner,0,1,0%,43
dehydrate fruit in air fryer,0,1,0%,43
fruits in air fryer,0,1,0%,43
keto fat bombs cream cheese,0,1,0%,43
storing cilantro,0,1,0%,43
air fryer fruits,0,1,0%,44
do you refrigerate cilantro,0,1,0%,45
how to dry fruit in air fryer,0,1,0%,45
how to store cilantro for a long time,0,1,0%,45
mochi brownies gluten free,0,1,0%,45
ricotta from whey recipe,0,1,0%,45
keto cream cheese fat bombs,0,1,0%,46
cream cheese keto fat bombs,0,1,0%,47
how long does fresh cilantro last,0,1,0%,47
can you dehydrate fruit in an air fryer,0,1,0%,48
cilantro storage,0,1,0%,48
dehydrating mango in air fryer,0,1,0%,48
how to dry fruits in air fryer,0,1,0%,48
air fry fruit,0,1,0%,49
can i freeze cream,0,1,0%,49
cheap dorm meals,0,1,0%,49
how do you make ricotta cheese from whey,0,1,0%,49
how to store chopped cilantro,0,1,0%,49
quick and easy dash diet recipes,0,1,0%,49
storing fresh cilantro,0,1,0%,49
preserving cilantro in fridge,0,1,0%,50
5-ingredient meals for college students,0,1,0%,51
can u freeze cream,0,1,0%,52
dehydrating fruit in an air fryer,0,1,0%,52
air fryer dry fruit,0,1,0%,53
cilantro shelf life,0,1,0%,53
pretzels sourdough discard,0,1,0%,53
store fresh cilantro,0,1,0%,53
airfryer fruit,0,1,0%,54
dash diet recipies,0,1,0%,54
viral cottage cheese ice cream,0,1,0%,54
dash diet recipes,0,1,0%,55
how to freeze cream,0,1,0%,55
does cream freeze well,0,1,0%,56
how long will cilantro last in the fridge,0,1,0%,56
how to store cut cilantro,0,1,0%,56
store cilantro,0,1,0%,56
can you freeze cream,0,1,0%,57
does heavy cream freeze well,0,1,0%,57
how to properly store cilantro,0,1,0%,57
how to store fresh cilantro,0,1,0%,57
easy rice cooker chicken recipes,0,1,0%,58
how to store cilantro leaves,0,1,0%,58
how do you store fresh cilantro,0,1,0%,59
chocolate brownie mochi,0,1,0%,60
cooking chicken in rice cooker,0,1,0%,60
dehydrated mango in air fryer,0,1,0%,60
dehydrating in an air fryer,0,1,0%,60
dehydrating with an air fryer,0,1,0%,60
kimchi burger recipe,0,1,0%,60
peanut butter keto bombs,0,1,0%,60
how to store cilantro in the fridge,0,1,0%,61
can you dry fruits in an air fryer,0,1,0%,62
fat bombs cream cheese,0,1,0%,62
how long does cilantro last,0,1,0%,63
mochi brownies recipes,0,1,0%,63
best way to store cilantro in the refrigerator,0,1,0%,64
make ricotta from whey,0,1,0%,64
can i freeze fresh cream,0,1,0%,65
freeze double cream,0,1,0%,65
how do you keep fresh cilantro,0,1,0%,65
how to make ice cream out of cottage cheese,0,1,0%,66
chicken recipes in rice cooker,0,1,0%,67
fermenting honey and garlic,0,1,0%,67
honey garlic fermented recipe,0,1,0%,67
how to make ice cream from cottage cheese,0,1,0%,67
how to make ice cream with cottage cheese,0,1,0%,67
can you make ice cream with cottage cheese,0,1,0%,68
rice cooker chicken recipe,0,1,0%,68
cream cheese fat bombs,0,1,0%,69
ice cream made with cottage cheese,0,1,0%,71
keto meal ideas,0,1,0%,75
can you freeze double cream,0,1,0%,78
ice cream from cottage cheese,0,1,0%,79
fermented honey and garlic recipe,0,1,0%,80
honey fermented garlic recipe,0,1,0%,81
honey garlic medicine recipe,0,1,0%,81
kimchi burgers,0,1,0%,81
chicken rice cooker recipe,0,1,0%,82
brownie recipe small batch,0,1,0%,83
dash diet recipes dinner,0,1,0%,87
mochi brownie mix,0,1,0%,90
chicken rice cooker,0,1,0%,95
fermented garlic in honey,0,1,0%,97
creami cottage cheese ice cream,0,1,0%,98